mfcc_0,mfcc_1,mfcc_2,mfcc_3,mfcc_4,mfcc_5,mfcc_6,mfcc_7,mfcc_8,mfcc_9,mfcc_10,mfcc_11,mfcc_12,chroma_stft_mean,spectral_contrast_mean,tonnetz_mean,tempo,file
-111.66365,92.783134,-9.038526,28.452724,8.22421,-0.52577424,6.547213,-1.2828906,-7.5417976,5.619431,-2.5199122,4.3563,2.6840718,0.41706958,24.522464285338646,0.01025349807770808,89.10290948275862,Bad Zaat - Hiphopologist
-99.21114,102.09358,3.1703155,14.041609,7.7957964,10.346446,8.571922,14.625397,2.311183,4.7210226,3.0394323,2.3385277,-2.5332959,0.4240182,23.401150131918012,0.0014339713101421895,99.38401442307692,Koorosh Ft Tamara-Hayahoo (Remix BY 2mor)
-75.436806,101.46448,23.673904,8.717339,17.725578,0.07971925,-0.110713266,4.1340113,-6.335089,3.0842054,-4.695614,3.7889106,2.38104,0.44167307,22.750961778568488,-0.04415299512585804,95.703125,Sigar (Vinak Putak Khalse Aliz Hiphopologist Godpoori Tk)
-76.41466,76.51086,-4.66457,5.3765073,-7.052385,-5.8152137,-7.601174,-9.673483,-13.754318,3.2368028,-12.143793,-2.5445871,-11.725877,0.32957783,24.629810074070686,0.04819726172487191,89.10290948275862,Age Manteghi She (feat. Kamand)
-33.493935,94.76144,4.727169,13.808908,-1.2435125,6.4601455,-6.346266,0.22986878,-8.227944,-0.3831256,-2.2083654,-1.7445484,-5.809143,0.34904033,22.14648087816924,0.06313316472402458,83.35433467741936,11.Sepehr Khalse - In Faseleh (Ft Alex & Sijal) [128].wav
-99.79185,118.19673,8.752997,19.049612,7.467039,0.7971898,-7.822507,-6.8730636,-11.53668,1.3677895,-6.842937,-4.1498346,-4.383412,0.31740436,23.576158154988182,0.07727525161854747,92.28515625,Zibaye vahshi_Gdaal ft Madgal
-94.52451,99.47766,36.95269,15.4801035,19.71941,13.365628,3.5049517,14.037329,-6.4917116,5.751567,-7.071365,1.1554343,-4.304868,0.3900401,23.683180101309098,-0.0392953038613503,103.359375,saaghi
-70.51425,95.44954,15.680531,10.153739,-0.2837904,8.9837,-7.3137693,2.3517425,-7.6822286,1.4858763,-5.6197314,5.1378884,1.2728382,0.3892816,24.05738847054419,0.021458614212147956,95.703125,Arta - Jealous ft koorosh
-128.63986,95.1761,-0.7987449,18.639725,4.875067,-0.7623971,0.945764,0.4590031,-8.500797,4.0287175,2.5789115,-1.1162944,-3.804842,0.3780307,23.25947252170793,-0.02930455036043979,107.666015625,Miram
-121.14537,91.22517,20.723019,25.738922,11.865196,10.386707,2.6990306,1.3794165,-9.030813,-0.7997045,-3.89246,-0.65324736,-7.255032,0.3807574,23.473599109883995,-0.04059132935785412,92.28515625,Arta X Poobon X Behzad Leito X Pidar - Ki (Remix By Busy X MAOMETTO).wav
-166.99782,83.4838,32.024494,25.765083,16.769068,15.043527,5.1785855,-0.07791473,-4.600428,2.2196808,-0.44349462,2.5550315,-4.66958,0.39264134,22.00188032182425,-0.05386794219937789,151.99908088235293,Arta - Bemoon Ba Man (Ft. Koorosh).wav
-69.17285,106.44708,-0.16707516,4.999291,7.5599856,10.953669,-4.0375705,4.5431733,-10.408291,-3.7440507,-10.162605,-0.7794961,-1.129266,0.36194512,22.85893367381982,0.01815654128181996,103.359375,Hoomaan - Kenaret Moondam
-42.780056,77.29664,14.327556,18.830057,9.667167,12.41158,4.1005445,4.245883,-2.87662,4.8883524,-0.038613476,2.5091794,-4.371434,0.46338323,21.911410679561527,-0.014623693149720243,117.45383522727273,Bemoon Baman (feat. Koorosh) - REMIX by DJSASHA
-93.1189,97.75473,18.759712,22.103754,15.362899,12.549386,-0.82082784,6.1120515,-14.677669,0.36385918,-9.786784,1.0965179,-4.7528667,0.3412542,24.234299083280458,0.043657624506820536,117.45383522727273,Hooman  Zemeston
-116.43966,100.01,9.235858,22.004946,16.927265,15.302214,-2.879597,5.300531,-12.64566,1.3697995,-2.228485,1.0929163,-1.3492203,0.39948863,23.591043729506065,0.017461697587781832,112.34714673913044,Beri Behtare
-67.42329,94.56813,19.42058,21.296982,4.8505774,9.422131,1.2661196,7.249971,-14.350046,3.6474967,-5.322541,-1.6355938,-1.9435675,0.3817734,22.976456741530182,0.0590494688238975,129.19921875,2 Saal
-168.27608,80.156,31.120983,24.559668,16.962734,15.020874,5.003372,-0.24686672,-5.4845862,1.7351754,-1.3918843,1.7837198,-5.71724,0.38810927,22.909135615317222,-0.058258685205291115,151.99908088235293,Bemoon Ba Man (Ft Koorosh)
-136.18599,98.31285,22.842508,1.112152,8.562873,-0.79290545,-11.632453,1.0271178,-5.905088,-1.9330322,-2.092807,-0.5849095,-9.195492,0.3505965,24.585295550353205,0.05866940359548363,143.5546875,Baby Yadet Raft
-92.69646,89.68017,11.874366,19.861288,17.798908,9.017608,-1.7565157,10.622135,-10.422356,6.0919805,-2.4580016,2.1796296,1.0432007,0.40221816,23.724986035022607,-0.007297119167667935,99.38401442307692,Hamejoore Hast (with 021Kid)
-113.02282,106.24865,14.02841,19.818008,4.055911,7.013003,-7.605975,-0.657402,1.1181593,3.7395864,-2.5155082,2.6662705,-3.0404825,0.42356277,23.87708312390305,0.03443841101769178,103.359375,"Tiffany (ft. Khalse, Kagan)"
-98.20168,103.46728,2.587427,16.354015,8.686195,3.8465805,-7.32836,2.6633675,-8.528097,1.0305463,3.5200536,0.11831953,-2.7953994,0.4427152,23.020429402904032,-0.06558348325835646,95.703125,Mizanm Ye Set Black Ba Dokhtaram  ~ t.me‚ß∏melomoosic
-82.19091,59.95083,-21.788868,13.19494,3.2524908,-2.879693,-7.1367254,4.177735,-4.3842473,7.05792,-6.275762,-3.1119463,-2.3442519,0.40479106,23.541369316222863,-0.041243263036112005,99.38401442307692,Nefrat - hiphopologist
-78.451324,77.538864,18.628681,25.48928,1.7511332,9.60849,-4.5045786,3.372627,-0.13428666,-2.0702195,-0.21562235,-0.50719386,-2.5657802,0.44061422,22.33292689803479,0.019668716232980155,83.35433467741936,Havaliye Shab
-193.54526,83.016464,-1.2628682,-1.3290598,0.770619,-2.080438,-10.987043,0.23660251,-23.635954,-6.0982747,-15.365862,-7.707987,-14.567411,0.2880102,24.699460398331595,-0.05482667509272893,89.10290948275862,Sammi ‚ß∏ Ye Ruz Hame Miran (Ft. Mr. Mp)
-114.834785,114.12559,20.530436,21.688454,9.287349,15.046696,2.210079,2.9171135,-0.6691235,4.518048,0.086516626,4.4923434,-2.3328938,0.3976128,22.503522180507222,-0.03510580872243114,112.34714673913044,Wantons - Harchiam Beshe (Ft Nassim & AFX) [128].wav
-79.67994,88.636475,25.103386,28.435757,11.085103,7.5513716,5.9991527,6.5656514,-3.3537738,9.031701,-4.525634,9.788992,-1.8208137,0.45673627,22.960079256606768,0.02254593114323784,117.45383522727273,Pooyan Ardalan X Dara K X Erfan - Backsy
-155.21643,115.68766,24.62323,18.47072,10.436905,12.733691,0.61015475,-1.4488976,-2.46345,-0.91222626,-8.054325,-1.4288266,-4.089296,0.40197012,24.042950725562356,0.02438231978974546,112.34714673913044,Esharate Nazar ‚Ä¢ ÿßŸêÿ¥ÿßÿ±ÿßÿ™Ÿê ŸÜŸéÿ∏Ÿéÿ±
-46.899464,82.62029,-9.572189,15.335497,11.061188,8.465701,-12.208564,5.6733565,-8.960526,2.6927161,-3.2302551,4.773364,1.3888066,0.39619264,22.89054775980586,-0.03393953127197628,135.99917763157896,Dare Mire
-87.97481,84.96312,5.5716777,24.628582,9.326472,-2.3317034,2.800062,-0.59904605,-14.309981,6.8305583,-7.7753263,-0.38341692,1.5490535,0.3841721,24.5905816822527,0.05314758204804788,99.38401442307692,Belaad Party
-123.87703,99.199425,20.779034,10.668638,0.2662355,2.9477065,-4.3218,2.402291,-14.168814,-9.116558,-12.664547,-7.7938395,-7.160421,0.30348665,23.63915290893441,-0.0244733210947429,89.10290948275862,Erade kon- arta (koorosh Catchybeatz
-94.58287,96.61377,18.97227,22.616627,15.859737,12.456141,-0.86233675,6.2075963,-15.3682575,0.08280669,-10.612825,1.0385927,-5.213748,0.3392746,25.72254234893377,0.04460522132215478,117.45383522727273,Zemeston
-168.5035,78.15816,17.274628,11.956135,8.030868,4.582643,-5.3455334,-0.39107734,-9.37247,-2.4925346,-5.3937,-0.5667237,-8.340126,0.35769206,22.690483328302694,0.00559661916602467,89.10290948275862,Sepehr khalse Ghalbe Banafsh
-80.30217,86.800766,4.557624,27.674706,10.00378,9.417879,0.6793309,10.001424,-5.4468007,6.855636,3.5068095,7.772944,4.244792,0.46677914,22.110006159726442,-0.000945859647731486,89.10290948275862,"Loco (with Putak, Sepehr Khalse & Young Sudden)"
-93.26245,87.7751,20.463669,8.4806795,9.368274,7.5243206,-4.1572604,2.9839308,-11.960564,-0.4625402,-4.4889855,1.0665272,-1.9616762,0.40781793,22.874706499494785,-0.023241576564144897,117.45383522727273,Game Of Tehroon
-60.3055,97.83717,7.2720447,5.368533,7.2750688,3.437661,-3.9869688,1.2553397,-6.980373,0.8144901,-3.48644,1.4671926,-3.8767512,0.3783156,22.520511557052362,-0.029876266533939766,69.83741554054055,Ye Ja Dige (ft. Shayan Eshraghi)
-125.24153,101.47384,21.241804,16.1656,7.0103984,3.423363,-2.0001318,-2.3445618,-7.5309587,4.1281247,0.89586604,5.9604206,1.6092516,0.43499202,22.488331749515382,-0.025606669131889914,117.45383522727273,Zendegi Hamine
-69.69273,87.48772,15.491499,22.186073,11.261773,3.0253677,0.18657787,3.6443493,-6.377613,2.4054391,-1.0225568,3.1795955,-0.9146601,0.4317995,22.176384886279333,-0.02472408034704784,103.359375,Sigare Sorati - Pidar x Vinak x Tiem x Spad
-104.363045,113.3545,38.471798,10.385503,8.717499,6.3912163,-0.79703254,4.169091,-6.06409,3.5102706,0.45806158,0.69066334,0.8944029,0.36023316,23.026875418555033,0.03797809916450364,161.4990234375,Dead Inside
-111.63219,92.72758,-8.985155,28.444517,8.255722,-0.5349495,6.5340486,-1.2830082,-7.523234,5.6459126,-2.50494,4.398489,2.6707456,0.4173389,24.53406464446059,0.007414589374714748,89.10290948275862,Bad Zat - Hiphopologist
-140.66052,81.24639,32.121136,5.097977,-1.8190087,1.776406,3.3218434,-10.779214,2.3388944,-4.8685784,-10.733532,2.185348,-11.621416,0.35951975,25.289069703995043,0.00019673841762498647,89.10290948275862,to boodi
-116.81372,118.10229,19.337109,14.508271,11.395155,1.7207117,1.2307054,4.6827865,-2.4099388,8.955094,-0.6874241,3.659486,1.1552879,0.3722437,23.539969832194956,0.0280732491693784,86.1328125,Behzad Leito & AFX - Dadim Raft Toro (Ft. Sogand)
-97.379456,92.725266,25.02895,17.486902,16.166496,2.547001,8.814634,5.961414,-3.2309093,8.327145,-6.698401,0.32247028,-4.3582587,0.45434466,23.57264333232484,-0.06441960897998056,103.359375,Gharibe Ashna - Ahood x Soha x Hoodadk4 x Dalu [HN.BEATZ]
-73.779175,95.604195,18.405039,14.643151,14.451812,2.8899999,-2.7981713,2.6373806,-4.4215474,5.1678615,-4.404475,-0.50901806,-1.7652075,0.36359382,23.52085966892795,0.06534667478344364,117.45383522727273,Na Dige Na (Ft I.Da)Tik Taak - ÿ™€å⁄© ÿ™ÿß⁄© ŸÜŸá ÿØ€å⁄ØŸá ŸÜŸá
-90.94199,68.06858,2.5215766,14.788466,4.7622595,7.2350836,-0.40052044,7.912242,-8.931492,9.583453,-3.541006,2.9956212,-1.0698797,0.49003488,23.58105222678718,-0.007233229890453127,95.703125,La Mamura-Hiphopologist Ft. Vinak
-109.17288,91.52669,18.111689,15.368899,8.437014,7.1535363,0.0028879023,3.6055915,-5.354714,4.215034,-0.7484512,1.890622,-2.2837503,0.40069103,22.732971165163956,0.0036066516916492494,92.28515625,Wantons Mix _ arta & koorosh & samilow & raha ÔΩú ÿ±€åŸÖ€å⁄©ÿ≥ ŸàÿßŸÜÿ™ŸàŸÜÿ≤ _ ÿ¢ÿ±ÿ™ÿß & ⁄©Ÿàÿ±Ÿàÿ¥ & ÿ≥ÿßŸÖ€å ŸÑŸà & ÿ±Ÿáÿß
-108.40102,94.617256,19.196472,15.766855,6.5040464,1.5286987,-3.5710778,-1.2550383,-13.677657,-0.92166,-6.2496376,2.7815354,-2.0503566,0.36658692,23.75222208501187,0.007489813567905922,129.19921875,Mage Man Mordam - Koorosh x Gdaal x Hoomaan x Hiphopologist x Vinak [HN.BEATZ]
-134.04388,109.267685,30.543774,23.01034,14.7865715,6.648173,9.245206,1.4086838,-8.473449,3.9483283,-3.7676494,3.06364,-5.6213875,0.3936502,23.342049717709244,0.01586041938425745,103.359375,5.Doori o Doosti
-132.96907,106.27132,27.439394,13.762733,14.712877,7.222345,0.8034296,1.3451613,-5.6272,2.273221,-2.2156694,0.53424436,-2.646372,0.3845973,23.3565441871866,0.017368690247575175,117.45383522727273,"Koorosh, Sijal, Sami Low, Raha - Extasy ÔΩú OFFICIAL TRACK"
-120.86769,118.88371,13.825865,20.431625,10.534468,8.931355,-3.244933,6.2356954,-9.682414,-1.4685802,-10.307799,-0.38333136,-4.099814,0.38046983,23.254644753467613,0.034193917073141,89.10290948275862,Boodi Yaram - Sepehr Khalse ( Feat. Sijal & Hoomaan )
-171.14352,86.914,28.362309,0.49722764,3.6984012,7.461098,-4.448692,-2.5101008,-7.5901203,-4.341953,-9.096695,-6.3991647,-7.67992,0.35764658,23.537186168865436,0.07356963122802782,123.046875,Raha x Koorosh - Gharibe
-104.42066,105.682304,18.69019,13.855124,6.1155176,5.531625,-3.98331,2.3691056,-7.5922985,1.6617658,-4.5228834,-0.52984965,-2.4942029,0.37683737,22.732809380623564,-0.0018810029197961528,117.45383522727273,Oh No (feat. Behzad Leito & Sepehr Khalse)
-68.72894,77.10257,18.59289,19.60723,12.655407,13.974589,4.1853766,10.0213785,-6.62417,3.1255186,-2.0635087,2.0502875,-1.7022982,0.4323089,21.887742857323794,0.02193578492457625,103.359375,Shol Tekoon
-72.05346,54.633575,-7.660692,13.049709,-2.0957937,0.704367,-9.542557,-0.7533869,-10.649634,-2.344754,-2.474425,3.1941566,-3.380185,0.45067835,22.10380140174354,0.02896250870776927,143.5546875,Catchybeatz X Kagan - Casablanca
-106.43432,101.626595,27.16455,17.28181,8.188912,4.9787054,0.19070807,0.95014715,-1.3666543,1.7297353,-1.2625434,5.4755,-0.3716627,0.38431153,23.172434081669326,0.003518498037112941,161.4990234375,Khalse  - Heif  (official audio)
-91.83841,84.52268,5.8426085,24.60926,9.536916,-2.3423967,2.893397,-0.52725005,-14.190929,6.9114375,-7.741406,-0.2769102,1.567728,0.38464943,24.501418694881682,0.05308390283385831,99.38401442307692,Hiphopologist & Vinak - Belaad Party
-99.77313,79.15379,2.5172381,5.972495,-3.0023918,1.5944499,-8.983216,-3.037898,-13.045968,7.8980136,-4.128986,1.2158269,-1.8204329,0.382758,25.20140280663661,-0.012680674870373191,151.99908088235293,Bi Marefat (Mr Kiarash Ft. Poobon And Behzad Leito)
-125.20405,102.223854,19.2723,10.772009,12.9304285,9.100804,0.16132256,2.5803595,-6.05506,7.399326,-1.9465528,4.4974566,0.47583026,0.48623708,22.620377857249885,-0.01696654262306927,117.45383522727273,"05 - SamiLow -  V.I.P (Ft. Koorosh , Arta) - (Official Audio)"
-112.36282,108.04493,17.438124,13.4309435,13.484704,11.769984,6.8328366,6.541808,2.8577783,11.822131,-0.44645068,2.548221,-0.69741386,0.41191235,24.634733064080983,0.016751255534767643,123.046875,Saaren - Tera.wav
-117.18979,109.71262,34.597145,18.721064,5.1302924,13.022582,-0.32065454,-0.65169954,-7.774915,-0.9918802,-5.4084077,-2.8968718,-5.001791,0.3575405,22.86657739337359,0.026799341653532444,89.10290948275862,Koorosh - Un Momento
-49.65518,78.46573,7.326938,10.208102,5.2445035,-0.5975522,-0.27396765,4.1897497,3.4581869,11.2220545,-0.6322121,-0.7302129,-4.763561,0.33910397,23.332479093920274,-0.042938091632839334,83.35433467741936,Pesar e Bad
-112.47495,108.02685,17.432684,13.423588,13.473903,11.771915,6.833932,6.5401793,2.843273,11.822035,-0.45004818,2.552778,-0.70123637,0.41189122,24.637947275566297,0.01658104773455732,123.046875,Saaren - TERA
-139.29782,85.3966,39.727978,14.149493,22.491089,13.176429,0.74034435,7.4900503,-9.3418865,4.239688,-1.6396708,-0.25357044,-6.7830787,0.3551883,23.81244786593399,-0.046724831507890315,99.38401442307692,Khoone Naboodesh
-93.08316,96.871506,10.790582,13.616304,12.342003,1.4643248,-0.08250407,6.8815255,-1.8046117,0.42797434,-2.9592268,5.772574,-2.2422357,0.43498537,22.907858504623846,0.007229491476128089,103.359375,Kalafe - Vinak (Without Ramin Tajangi)
-95.69503,87.87314,14.9040165,9.699918,15.153188,3.8412156,0.21429542,1.455051,-3.632512,-3.055717,-4.805765,-7.4617066,-3.9232557,0.35210973,23.549601052700975,-0.03840147598230922,117.45383522727273,Terminal (Ft. Sohrab Mj X Shayan Esraghi X Nassim)
-111.498116,92.508835,-9.159867,28.323288,8.162829,-0.5636179,6.4894586,-1.3288211,-7.5879827,5.5622478,-2.579286,4.2935557,2.5929077,0.41745576,24.566601426766173,0.010401613043763594,89.10290948275862,Bad Zaat
-167.70146,99.38661,15.537188,5.703778,-4.672311,-2.1657994,-6.626516,-9.812585,-15.639072,-2.1923487,-11.424248,-7.0086102,-2.2042668,0.30858487,24.97497662105346,0.06367652993696853,151.99908088235293,Dashte Parvaneha (feat. Sogand)
-70.43485,78.78326,13.367103,35.547977,13.432491,13.148303,4.6838875,5.6339207,-3.5740924,5.382176,-5.523325,3.8314786,-1.7591798,0.43544245,22.625732548488674,0.04926927773547695,129.19921875,Fedi - Dokhtar Koochooloo.wav
-152.93742,86.05097,34.182987,8.608611,14.377643,4.4436307,2.4671404,-1.2468193,-26.817892,-1.8182659,-2.8718495,-4.6879563,-7.8306546,0.32321703,24.51534021381083,0.04619181064331421,151.99908088235293,Telesm (Acoustic version) .Chvrsi ft.(shayan eshraghi)
-99.36677,109.64214,21.821756,18.08507,6.1966577,1.2769287,-8.1446,-1.949669,-8.082373,0.5253017,-1.7483687,-0.6790371,-4.0407457,0.3295729,23.058307713845338,-0.028048408546554663,143.5546875,"Behesh Begid (Ft Arta, Sepehr Khalse, & PDC)"
-68.229546,88.21543,16.472057,20.567812,14.663532,12.793869,-4.7092247,2.7949357,-5.6658416,0.85160035,-1.048563,-0.5172744,-4.472118,0.46941733,22.516130263705325,0.014860545814454984,129.19921875,"Koorosh Ft Sijal , Hiphopologist & Gdaal - First Class (Remix)"
-110.666985,102.19579,-4.8426585,14.504416,6.2253175,4.2413864,-4.2241273,7.8951955,-2.6390452,3.938989,-0.14487137,-2.0481098,-4.3379703,0.37136912,22.85331564824249,0.014526709020985277,112.34714673913044,Doe Sob - Wantons
-118.97665,94.65729,11.036698,11.116827,3.7427304,5.1173,-2.128131,-1.923095,-6.8735437,-3.0759437,-5.9917417,-1.8836776,-4.336048,0.35000157,24.494229809410943,-0.01813405163684861,135.99917763157896,BUSY BODY (feat. Koorosh)
-110.00864,98.44604,18.48319,9.276606,8.532236,11.836014,0.14289716,5.702971,-0.30699766,4.981759,-1.371497,3.9351265,-2.2341082,0.416473,22.757982060606984,0.039333849753140616,123.046875,Jigh (Ft Hoomaan)
-99.583336,100.91139,9.917523,9.99378,9.789586,4.373449,0.97801733,4.6010904,-5.5730658,3.336091,-2.6962419,0.61825144,-1.1014785,0.4758361,22.369829460684365,0.013294618804426048,112.34714673913044,Vinak - Bede F
-183.59799,105.539154,29.13683,31.179415,15.436187,12.952858,-4.754966,0.20314345,-5.358788,-1.6813538,-1.907792,4.310587,2.1726687,0.38904038,24.39228488488753,0.03532598452297102,99.38401442307692,Jealous (Remix by Roomokhiaa)
-48.21179,99.36376,12.294743,16.392624,13.500258,7.5323505,5.089688,7.7721577,-3.1363466,7.397102,-2.620887,3.9116583,1.2830896,0.41825375,22.44204515499323,-0.045552721609006114,117.45383522727273,"Alireza JJ, Sijal & Nassim - Ki Khoobe Ki Bad (ft. Behzad Leito, Sami Low & AFX)"
-69.03566,90.49938,4.569719,1.7722143,-5.3095574,13.0049305,-8.324041,4.463366,-3.893309,2.8633482,-1.472752,2.9022405,-0.40841228,0.4071774,23.08845325933439,0.010859759570133135,123.046875,Shabaye Tehran (Ft Farshid)
-54.642868,94.37224,-0.3196155,20.2626,14.32472,12.374959,-5.8670025,7.4413905,-4.824569,4.196471,-3.55829,2.0386424,0.94414157,0.42366096,21.971237490070003,0.02620059675090528,95.703125,Too Cheshmat ü¶¢‚òÅÔ∏è - Hoomaan
-132.97375,85.221054,28.884274,14.183377,11.203987,11.300363,-4.3470306,1.7464919,-10.465167,1.0522541,-2.1528318,3.2013261,-1.8797377,0.42351967,22.751441749843313,-0.012082378482419179,129.19921875,Age Bere (feat. Hoomaan)
-57.743294,83.95087,7.773636,22.18289,9.917427,13.011293,2.4350991,15.229846,-7.298119,11.456588,4.815867,8.629135,6.665056,0.52069575,22.529480939044767,0.03070984818583029,103.359375,Mano Refigham
-107.44821,96.02773,33.783966,10.045504,19.265905,4.2603188,0.5557531,5.377143,-9.630949,0.6929558,-5.6953526,0.048214052,-5.6061063,0.3655708,23.048722652606067,-0.0025272996762727437,86.1328125,Khabari Azat Nist
-77.68506,101.48891,20.872442,21.226244,4.414154,9.206129,-4.9659905,3.1207705,-0.108842075,-1.7960907,-0.63741523,2.282209,-0.70058703,0.46374407,22.151413924772687,-0.003858253116856175,123.046875,Dolphin - Young Sudden X Sijal X Sepehr Khalse
-103.899864,92.24277,20.53383,11.573726,6.092228,11.734562,1.8915538,5.7071314,-5.4474587,3.5718706,-0.63593405,-0.92558855,-1.3583959,0.38584298,23.096046762805514,0.08018520460634274,92.28515625,Vinak X Kagan - Ghasedak
-142.8717,104.63908,22.19953,18.184196,12.682533,13.223325,4.4148297,11.883233,-5.2715535,7.1418834,0.6947927,5.8180194,6.9234204,0.42231318,24.790429292870247,0.05874184818441686,99.38401442307692,Too Moshtam
-97.42953,84.96465,30.427195,6.924812,15.119903,8.816579,0.95393014,1.7871054,-12.0364275,5.363284,-4.416749,-1.8878063,-4.2955055,0.3699103,24.57069493947592,0.03869661093283561,95.703125,Shahre gharib (ft. Shayan Eshraghi)
-162.32422,63.236774,-5.2815523,8.930253,8.884378,10.11714,-7.754119,9.977644,-10.829858,2.6760666,-2.2157493,1.5628004,0.41231006,0.42793894,22.870972547705417,0.007882052067291801,95.703125,Berim Baham (Solo Version)
-154.19196,77.28772,6.0010114,0.64938873,1.1016269,-9.926998,-2.72067,-6.399084,-2.5226097,-3.6107795,-8.016526,-1.9650425,-9.67423,0.3558527,23.872221011369778,-0.051679163377239726,123.046875,Morvarid Sefid
-173.178,118.01297,25.649124,17.086555,8.708686,-0.5749681,-9.895327,-6.2895226,-12.49447,-6.057078,-9.781294,-5.727606,-9.818433,0.30869934,24.16652091956614,-0.06473241305199913,123.046875,Khoda Kooshi (feat. Mehrad Hidden)
-100.69005,105.444954,6.550621,13.698902,7.183927,3.489246,-6.069452,-3.0233846,-11.79317,-1.473126,-6.2836347,-3.2704635,-3.0999963,0.35581484,22.877713283007218,0.03553803433035509,95.703125,"Cheshmat (Gdaal Ft A2 , Hoomaan , I.Da & Madgal)"
-88.20758,86.23892,5.408271,24.97653,9.889186,-2.104048,3.5922651,-0.23537682,-13.23432,7.20678,-7.0264726,0.14852862,2.0140495,0.3857141,23.814356292343387,0.053281420722099994,99.38401442307692,Belaad Party [ Prod. Kagan}
-108.71473,103.448044,14.627326,3.3679452,-2.4340906,6.012125,-7.3249145,2.222151,-7.140118,1.2701201,-5.0173216,5.1717596,1.3139358,0.40440336,23.192661226831135,0.025816216963574997,99.38401442307692,Jealous
-70.96938,87.40438,5.101442,14.452439,16.265345,2.3064263,-3.425201,1.9265075,-9.919552,2.4399657,-5.6671453,-2.2835555,-5.9081116,0.42741695,22.860313773052827,-0.0013140127865250136,112.34714673913044,Door Azin Shahr (Feat. PDC & Hoomaan)
-103.018135,85.61658,21.224997,15.143627,13.130294,10.735069,-1.929174,10.606381,-7.23973,7.94727,-1.3037922,2.6929872,-0.68482983,0.4089066,23.332327551925555,0.08136228743905781,95.703125,Ghasedak - Vinak x Tiem x Casi [HN.BEATZ]
-156.9919,122.08128,9.772526,5.583168,11.234328,7.1528835,0.3371156,4.5687613,-0.6166166,7.2694488,-0.82650506,4.798949,4.03466,0.38290957,24.730833393371928,0.02345716445226155,112.34714673913044,Wantons - Cheshmak (Ft AFX)
-83.768005,78.021385,23.95762,15.866291,17.647316,-0.26221725,-2.050172,-2.624342,-18.054874,0.74173087,-14.542888,-5.658022,-8.238518,0.3556431,24.384110442971878,-0.004934791876650249,129.19921875,Hiphopologist - Bache Bad B (Maometto Remix).wav
-90.78391,80.90096,16.256163,9.917997,9.562462,-1.6531527,-6.129581,-1.6288942,-14.098571,0.48756874,-12.648204,-1.762968,-5.5983233,0.35633382,23.98117951213824,0.02967940626459174,117.45383522727273,Chete baby (Ft. Hosen)
-96.4705,99.941635,17.572268,23.838705,15.115786,13.000553,-1.0181453,6.407393,-15.342919,0.19075057,-10.420348,1.1954969,-5.155426,0.3387204,24.698581624269433,0.04525710408182191,117.45383522727273,Zemestoon hooman
-64.50454,89.16325,2.8390796,17.020632,10.824429,9.537001,3.8514092,7.430581,-2.4283695,7.543615,0.8955071,7.2019773,3.7102451,0.50722605,21.977514142890925,-0.02991462378799396,129.19921875,Sijal x Catchybeatz - TKF
-102.28002,96.27682,11.375094,15.500396,18.923588,7.073567,1.3822043,4.7886705,-7.9220486,4.0363355,0.26384285,7.178878,2.235574,0.4932338,24.10837278524336,-0.04646978771688547,123.046875,Arta x Poobon x Travis Scott (By Ehsan)
-83.661804,110.36447,10.352959,12.5742235,0.19317497,-0.26530528,-2.4424686,-1.1822984,-9.309024,2.3653781,-6.078945,-1.3006239,-2.5827143,0.40542433,22.220551489415257,-0.041242770288134396,89.10290948275862,Octave - Ki Mese Man
-139.46262,100.51708,18.598492,10.258523,7.6055737,1.7751924,-4.9368134,1.1879174,-6.695692,1.339928,-0.23208398,-2.522135,-6.284106,0.36415386,24.03087446343899,0.07087922908279132,89.10290948275862,Sepehr Khalse - Shahraam (Official Audio)
-65.80275,75.4327,16.78882,17.10046,11.749674,11.697779,-4.2938395,3.3460448,-7.275102,2.6050203,-2.0693603,3.3130836,-0.9044365,0.4330919,22.147715583075968,-0.019064273509112318,129.19921875,"Koorosh, Arta, Behzad Leito, CatchyBeatz & Sami Low - After ÔΩú OFFICIAL TRACK"
-71.65203,84.31153,13.4091425,20.03163,11.047992,7.350313,-1.62781,3.8749003,-6.9587545,4.117021,-2.6009507,4.45301,0.49513248,0.4655654,23.28871387368097,0.009378157172968695,123.046875,Smoke N Drive VOL.10 by EXIN
-95.3286,96.71381,22.81325,18.201206,6.445443,1.5005084,-4.9796605,-2.7816737,-5.6670704,-0.6733912,-7.737841,-2.745247,-5.564135,0.34338027,23.291673776648178,0.050419209165503236,117.45383522727273,Text Alireza Jj ( ft  Radochi x Ayzun )
-141.7962,93.45848,14.443348,7.2229686,15.284616,-3.0211275,-12.017964,1.601758,-20.063898,-0.38318235,-8.069032,-8.923094,-9.926417,0.30548602,25.51451408067605,0.055671283839721156,143.5546875,Soote Ghatar (Live Performance)
-102.10927,85.45288,12.54632,28.893566,6.5934253,18.172968,2.7909777,7.8587503,-2.6139255,11.850542,2.145765,8.418336,3.1385152,0.43050435,23.12643702989874,-0.0031877392885185764,78.30255681818181,Chera nashe (Ft Alireza JJ & Sepehr khalse)
-112.93759,82.88026,16.377764,9.924146,3.1637437,4.9492035,0.6810277,-3.167095,-9.080349,-4.262538,-1.2570232,8.913137,0.24079594,0.3861075,22.233014790406138,0.011575309462046776,99.38401442307692,Vinak - Zang Nazan (320)-1.wav
-183.72359,102.239975,8.312862,11.827486,3.565088,-2.7839754,-11.294008,-13.289577,-22.31594,-12.530918,-11.149885,-8.092183,-15.972838,0.29146653,24.725619966528452,-0.02568128388573395,117.45383522727273,Zendegi Hamine (feat. Koorosh) ÔΩú Acoustic Version
-112.265594,97.38954,13.361907,17.578798,-4.2790756,-5.7225995,-8.319904,-5.295732,-19.233713,-2.5167937,-13.762898,1.0798737,-11.463371,0.2825956,24.769169310040382,0.07717819521011145,89.10290948275862,Khoshhalam
-73.24291,94.714226,8.901874,25.403315,9.695112,0.34710264,0.44610283,-2.4942493,-1.1791863,-1.6926328,0.381657,3.025479,0.044085678,0.41874188,22.210474379739612,0.024511576932549396,80.74951171875,Bi Marefat
-96.48995,122.01213,0.41146597,22.409218,5.2640324,9.028127,8.35821,2.6728477,2.3431523,2.5704944,-0.9915028,2.3157349,-2.498647,0.42584097,22.574230638265508,-0.02351437862138364,112.34714673913044,Behzad Leito - Khaak (Ft Sijal & Nassim)
-111.93966,111.5507,15.216689,2.5046415,0.7115265,6.995666,-7.8109226,-1.8793044,-12.856547,8.171362,-8.317944,1.1649461,-3.2899113,0.33795205,23.718579711624308,-0.0013804425823332077,129.19921875,DORCCI  FT  SARREN (T E R A)
-208.41165,86.82903,-29.082365,-17.29166,-15.702586,-20.740734,-15.62738,-8.844607,-20.474836,-16.19781,-16.902418,-15.120978,-19.610716,0.25258678,24.790091033786975,0.05286950175165871,99.38401442307692,Hayahoo ÔΩú koorosh
-36.40017,103.37488,9.857878,24.383745,4.001464,14.024195,1.515084,8.330626,-4.402221,6.293441,2.3075755,7.1589737,0.9638095,0.3899869,23.626878579247947,0.026600574500135983,103.359375,Fekr Nemikardam (Feat. Behzad Leito)
-99.986244,93.23525,10.438057,13.128801,15.377688,10.957844,-6.3699236,0.8498272,-5.398958,-0.27370703,-8.582576,2.2551734,-5.5023546,0.36435738,23.130136135732297,-0.042838211528799006,143.5546875,To Mano Dari
-82.12021,102.89944,24.99996,8.994857,8.866097,2.6325474,-0.61836517,2.13913,-16.112284,2.2799828,-1.1020333,-3.4498901,-2.161254,0.36130282,23.090654625280756,0.053557882414263944,161.4990234375,Doostam Hastan
-142.19057,97.28371,32.133194,9.539155,13.289875,10.979983,9.891871,0.4644472,-12.686184,-2.244398,-1.6446446,1.4435378,1.161143,0.3861538,23.55779577547118,0.09448463656856557,99.38401442307692,Pooyan JC - Male Man Bash (Ft Shayan eshraghi & KooriBoom)
-79.208145,81.44882,8.455978,9.41421,14.094544,11.964674,-8.992365,0.82420015,-8.961754,2.23697,-6.6927857,-0.350034,-6.3104115,0.37332025,24.471405485824395,0.017596669757376865,143.5546875,Rose Zard (Ft Behzad Leito)
-114.72901,96.27912,10.548728,21.564863,15.258962,5.8496284,-1.8583001,8.146258,-6.442885,10.43946,2.1396847,5.816982,3.9375074,0.4057416,22.839864380245697,0.060273925531558976,92.28515625,Okay (with Catchybeatz & Putak)
-99.34836,99.42837,11.908221,15.72671,8.091762,4.261793,-0.18892276,-6.665969,-9.6866865,0.64851546,-3.3494592,-3.4760814,-6.2023873,0.40067443,23.36274624389241,-0.01732284834778853,67.99958881578948,"Khatere (with Sepehr Khalse, Isam & Ashkan Kagan)"
-114.20659,103.409294,4.03015,15.075599,6.4029794,4.3722215,-8.574275,-5.9010544,-6.681695,-2.6959786,-6.147287,-2.436747,-6.4176126,0.39022988,23.156388720070872,-0.022041751285727246,123.046875,Koorosh x Cornellaa - Azin Manzare (AFX & Shebi Remix)
-100.477425,129.24234,1.029029,10.57348,10.84931,1.1001365,-1.0489336,-1.1376169,-6.8920712,4.890004,-2.096429,-1.7128041,-2.982889,0.40489396,23.882126518309658,-0.017373610416930235,99.38401442307692,Gdaal - Baraye To (Ft The Don & Ahu)
-122.46625,95.836044,11.702384,17.709688,1.2273916,7.7565904,2.1282241,-2.6665895,-4.1093287,1.2049165,-6.283487,0.08874381,-1.8122184,0.3691165,24.23477069565532,0.03621118012204236,103.359375,Gdaal Ft Mahta - Maahrokh
-119.739716,87.71222,23.491322,29.943758,12.207049,13.645144,2.5773823,7.124979,-5.1651096,5.291731,-1.446964,1.4957166,-1.0148426,0.43826184,22.56242639495278,-0.01546092022546838,78.30255681818181,Khakestari - Leito
-74.53597,116.81612,7.200462,15.082855,-0.9814663,2.2228825,1.0533954,4.15605,-7.1924253,9.540425,0.1664141,5.1815596,-1.2704133,0.37561837,24.086157609917677,0.017765281691648274,80.74951171875,04 Daeman (feat. Behzad Leito & Zakhmi)
-124.673805,101.0095,14.045601,22.58767,4.1607075,-2.7511804,11.899768,-4.4020967,-0.90383655,3.7466083,-9.749871,4.6650815,-5.3633666,0.31129706,23.482204508133645,0.0648789267167648,89.10290948275862,Na Man Na To Ôºä Prod Ôºö AG
-98.20168,103.46728,2.587427,16.354015,8.686195,3.8465805,-7.32836,2.6633675,-8.528097,1.0305463,3.5200536,0.11831953,-2.7953994,0.4427152,23.020429402904032,-0.06558348325835646,95.703125,Mizanam Ye Set [SultanMusic.IR]
-131.51385,108.88513,17.877079,24.843704,9.426113,7.315172,9.500617,-12.256237,-14.038741,-5.635353,-8.217015,-1.8203125,-9.497345,0.32639545,25.153252078854855,0.012773976661122644,112.34714673913044,Boro isam
-79.82469,110.28844,11.8120365,20.936941,15.097524,5.9037466,0.10619841,4.3099294,-1.3888661,6.8178897,-2.4188852,-3.9744263,1.9389765,0.39447445,23.330907133310493,0.0590546295050134,117.45383522727273,Behzad Leito & AFX - Sargarmi.wav
-128.13731,91.56554,14.191346,16.598475,0.21327561,1.5746553,-10.495874,-3.4574604,-8.513402,1.869396,1.1040367,8.251174,-4.3713093,0.37241802,24.378791207608252,-0.028808674675721332,103.359375,Sepehr Khalse ‚Äì Bombastic (feat Chvrsi)
-42.260876,64.16979,6.585182,12.94557,2.9738936,7.59175,-7.767814,2.8736494,-4.4298897,-1.0621029,-2.4386764,1.6132612,-0.8747306,0.43380648,22.06474557568963,0.028359658220938902,95.703125,Inja Tehroone
-71.337234,96.952675,17.108099,17.443783,4.984778,1.6388332,-2.051621,-0.46577978,-4.2382927,3.422072,-6.124205,0.24838291,-3.5942264,0.3836538,22.21339759981714,0.0036903838418318696,112.34714673913044,mbinwüå∏heif ke nisti
-116.22154,100.37134,14.082555,24.479265,6.9850674,3.1443884,-1.1759446,-5.8953815,-11.5757885,-1.9159243,-7.4070725,-2.2217524,-5.738192,0.3449884,23.65788298326822,0.07028879705325519,86.1328125,hey monaliza [only fans]
-112.75026,82.21527,15.151034,12.790423,11.241259,3.0453146,0.2130287,11.509422,-5.10236,4.3479953,2.319268,6.159443,1.7161155,0.43754303,22.732981795684008,0.03482566745905631,112.34714673913044,Tool Mishe Type
-144.93369,111.45018,28.05387,17.181564,15.400441,4.957864,-0.5573068,0.007752643,-6.7198596,0.63133335,-8.978577,-3.4744434,-9.449671,0.3792804,23.71981089958117,0.05482702985602363,112.34714673913044,Cuba
-79.92453,84.57705,14.334761,7.8913426,7.601515,2.4996595,2.1146512,-3.6914127,-10.91514,1.7539865,-6.9443216,4.6845484,-6.3444242,0.40640566,23.256678492206362,0.010358859695700898,151.99908088235293,Dokhtare Bad - Comma.wav
-68.2901,90.33857,2.853573,18.28329,4.7097106,0.27246952,2.4234235,2.848408,-9.367222,4.4553895,-5.957829,7.1832886,0.36119702,0.46586794,23.337780861614178,0.033013480579358406,135.99917763157896,Hiphopologist X Poori X Ribar X Chvrsi X Sajad Shahi - 2024
-148.28741,120.18812,38.699284,38.23602,17.425879,15.080837,14.351724,-3.3157837,0.48778358,4.905385,-0.52903616,2.251385,-2.2958748,0.46982643,21.98786211421955,0.008267027675399647,95.703125,Isam - Fereshteye Bad
-85.31454,94.803085,14.936109,19.06371,15.389225,8.300271,7.950382,2.6534555,-0.8581502,4.986556,2.467203,5.7276177,-3.8399732,0.4688608,23.250174151666844,0.014214777138230416,123.046875,"Hiphopologist x Vinak Ft Heliyom - Hamcluby [Prod. Kagan, Moreshahin, Yj, Vlirza, A4key]"
-127.180954,88.039566,20.83274,23.961607,12.361851,3.7432525,-1.0820225,-0.9550338,-11.528874,2.6235824,-6.4615464,-4.1450143,-4.096321,0.36230126,23.950496083912814,-0.049598365172648866,161.4990234375,PDBEAT - Sigaraye Tah Ghermez Remix (Poobon X Poori X Hoodadk4 X Hiphopologist X Amin Tijay X Dalu)
-164.66542,109.16933,12.5915575,12.010148,13.557383,8.920435,-10.167439,-3.222214,-12.004173,-2.9351144,-4.4305353,-5.485473,-6.560748,0.35282916,24.37376059004414,0.0045773986515796495,99.38401442307692,Pas man chi - Wantons (New version)
-170.39221,132.97234,13.445754,20.2209,10.951849,8.006395,5.9219027,6.341831,-14.716239,10.086808,1.7730372,0.7030158,3.628613,0.3899056,23.44290994881265,0.040195271182102976,143.5546875,Roya
-86.269585,82.07607,22.781158,5.75552,26.510288,-0.10008697,1.1993736,7.0255694,-16.270306,3.2056553,-5.524756,3.4296339,-0.39072323,0.36151868,25.46277099185598,0.007256639893738184,117.45383522727273,HipHopologist X Hichkas X BatmanBeat ''Shakak''
-120.8449,95.260765,17.009619,19.546614,7.7059875,7.473873,2.1134868,0.08954744,-10.699933,-1.4168423,-4.7019167,-0.5966132,-3.2737947,0.36328354,23.589033962403917,-0.027637686319474133,123.046875,POOBON x ARTA - KI
-96.07346,109.02241,4.777084,13.549599,3.4162817,3.0702434,3.8484173,-0.23164645,-12.540938,4.819217,-3.83074,-0.40671268,-0.9359343,0.4028257,23.05416244556678,-0.06817576192254009,161.4990234375,Octave - Delam Tang Shode Barat
-126.086555,113.14844,18.828882,22.197636,12.922892,-1.0430808,5.581601,-3.3019814,-1.4435779,7.3888993,-5.1116323,5.823589,1.5721314,0.38075498,23.767805554177475,0.04246606155856655,92.28515625,Heyf (Ft Sogand) ÔºÇBaranhits.IrÔºÇ
-113.25105,108.26153,16.26041,13.2488165,10.994421,11.539505,3.5503564,6.1042447,-2.0008216,9.40798,6.3232613,5.298019,-0.6560832,0.45995742,22.035505965493147,-0.011001647288050058,123.046875,Male Mane
-67.94156,92.01755,9.32198,12.926987,3.796217,2.9747655,5.0629373,8.65098,-3.1264114,15.238238,-2.9174414,7.203107,1.3378083,0.40017372,22.96476305930111,0.0581098620846157,99.38401442307692,Gangesh Balas
-142.75322,93.31085,11.866819,13.302161,5.5833344,2.6297321,4.4524107,-0.52764094,-11.752933,-0.5581813,-5.068885,0.1847128,-4.977304,0.3760406,24.715548469290603,-0.011971882930887292,112.34714673913044,Harbaresho (with Cnjim)
-108.60946,95.06,19.117428,27.117205,18.476044,15.362762,3.7256093,6.1576033,0.945639,13.119761,7.398915,9.572415,5.384866,0.5064616,22.99087795816123,0.005312764169193637,112.34714673913044,Nashod Ke Beshe (with Sami Beigi & Sijal)
-129.02364,68.474335,17.038725,29.041805,14.541203,13.375405,-2.0598414,4.2502446,5.8772783,0.8465504,-1.1727123,6.8310103,1.6734421,0.5333771,22.907984238511947,0.05186349805169759,117.45383522727273,Habibi Azizam
-154.81236,105.32898,19.898335,15.280664,2.643258,0.1243944,-9.563679,-1.0759231,-8.0991535,-1.439622,-4.332806,0.9476188,-6.0159464,0.34659907,23.272011369934503,0.022208142229083513,184.5703125,Sepehr Khalse & Mehrad Hidden - Moorche (320).wav
-55.303925,81.019516,5.0921946,24.30156,11.558071,7.7611065,-10.019665,4.571191,-9.217963,7.11719,-5.8607707,1.7834979,-1.7718786,0.409702,22.962599830290618,-0.020393381120777782,117.45383522727273,Mary Jane (Ft Behzad Leito)
-68.62807,65.62406,3.812126,16.774557,9.084864,5.8354774,-4.3330965,-1.2339654,-7.9055915,2.0175126,-2.5988941,0.6561184,-6.703401,0.46919677,22.2052138813273,0.0033673040052138534,95.703125,Cancele
-69.35515,92.768555,23.654875,12.70352,3.3670857,5.0222692,0.23656285,5.7279706,-5.7600136,5.386832,2.976271,1.8032773,-1.5548942,0.38992512,23.2828668407478,-0.05187692309032272,83.35433467741936,Messe Avalash
-146.51297,124.971085,2.576621,18.122557,11.071442,5.309938,2.495077,6.1415224,1.2429403,6.4035983,-3.5447748,3.3676372,-0.43140414,0.41060433,23.596659428154215,-0.03999953516719115,95.703125,Wantons - Fada Saret (Pro By Wantons)
-19.313679,66.534164,12.0599,17.35907,10.907701,5.990069,3.7054677,1.4077648,-8.520268,2.870267,-4.3682647,-1.3429967,-1.710624,0.36648214,22.2732406717097,0.037228216327327125,78.30255681818181,"Siah Mese Barf (Ft Alireza JJ,"
-102.97659,95.681786,-20.20834,-3.718607,-10.049925,-4.9293866,-10.413276,-12.224148,-17.604635,-3.1327102,-7.0239882,-1.5134401,-8.965993,0.31989247,23.5615487191036,-0.05271774414125109,107.666015625,Haminim Ke Hastim-wantons
-156.80453,94.94232,24.200438,10.577307,10.840052,5.22109,-5.3788967,3.2831132,-12.1848345,2.4964867,-1.6893626,0.5040916,-4.0623717,0.38872293,24.43186076444421,0.028594288777453975,129.19921875,Yadet Ni
-117.9006,65.10821,-2.7346804,20.112238,5.5674014,4.8901186,-0.9010927,4.925329,-12.31003,4.0450344,-4.3087726,-1.6511787,-2.536594,0.37742606,25.02291225976577,-0.003163847776529029,161.4990234375,Poobon - Akharin Mashough (Ft. Leito & Limit)
-117.4186,101.46482,16.899601,4.785295,2.6769512,-6.8830824,-2.4019732,2.3644235,-3.851687,-1.8783348,-4.7717705,3.5075078,-3.3674917,0.39565024,22.133507805026383,0.014010201359015489,103.359375,Vinak - Kalafe (Solo Version)
-125.438194,105.37335,8.438212,7.682778,8.957948,1.2877034,-2.819821,8.343668,-6.7804427,6.232192,-1.5601549,1.1497864,-1.3022175,0.37916517,24.712337620174193,0.08909958360933716,95.703125,Ghayegh (with poobon)
-83.486534,85.67602,20.871195,9.853657,12.90798,6.6609726,-6.718857,11.349049,-9.533966,3.1136215,-0.5982864,-1.125,-8.639414,0.36641195,23.956049089953755,-0.04163393590518651,99.38401442307692,Outlaw x Apack - Behet Ghol Midam
-112.90236,96.03398,0.5511884,9.803127,-0.0002782467,-10.484039,1.1478946,-1.9665617,-14.897512,0.58507437,-13.790895,2.0117202,-2.554723,0.38045797,24.694366551501084,0.031105937514757428,123.046875,Marize Ham (feat. Sogand)
-120.01845,96.31632,4.7897315,27.042053,9.472824,7.851639,4.3148265,9.861905,-7.6049123,7.2166586,-0.23095845,4.0414934,1.3661084,0.48516247,22.784961320945353,-0.005483615819274302,135.99917763157896,Catchybeatz - Range O
-138.44514,80.9488,15.477032,13.087995,2.8129692,-7.318855,0.58665514,-3.183068,-8.581256,4.549103,-8.324408,0.33273265,-4.4102087,0.35219157,23.761155715881717,0.010760210024460226,89.10290948275862,"Pesaret - Hiphopologist (Feat. Taham) [Remix, Prod. The Moon]"
-42.000603,65.84165,14.837487,6.910674,4.712495,5.1735654,-1.4676126,1.8703115,-10.382039,1.5016686,-1.0620803,2.5132515,1.1522032,0.40335977,22.376919725495007,0.012173879417706104,103.359375,EpiCure - Mehmooni Khodemoone (FT Mxni & Bobby salar)
-31.71643,96.06742,4.5288043,13.894552,-1.2967544,6.5217204,-6.4057026,0.15049942,-8.15658,-0.42934787,-2.1866581,-1.7541329,-5.81054,0.3473409,22.174192577110652,0.06290278694726556,83.35433467741936,Sepehr Khalse - In Faseleh (Ft Alex & Sijal)
-81.456215,92.72837,17.338045,16.928894,10.037126,6.5072675,0.52595174,3.5728726,-4.6464877,1.9276626,-1.916341,2.4214082,-2.4287293,0.42612776,22.482558147716947,0.009647104351992519,71.77734375,Moonlight (feat. Sijal)
-124.30898,99.14214,20.837175,10.558932,0.32780948,2.8527904,-4.117692,2.292861,-13.886426,-9.03568,-12.384732,-7.628262,-7.0358167,0.30154184,23.726437161810637,-0.03775078521337734,80.74951171875,"Arta, Koorosh, Khashayar Sr - Erade Kon."
-46.956005,65.75401,-4.5976624,11.841073,14.971459,10.588931,-8.39137,6.230722,-7.1164327,2.5291083,-5.3876815,3.4145248,1.3618826,0.44471604,23.1840681501968,0.013539516834730755,103.359375,Mese Hamishe ( Hoomaan )
-92.432106,86.43227,-0.23221375,5.8234425,9.367401,2.1822903,0.779605,3.1174572,0.21310766,5.265938,-3.6350892,2.5859182,-1.3783648,0.3892616,23.1789762418793,-0.004902105416952784,184.5703125,Alo (feat. Nigzed)
-93.96156,86.30394,17.970446,22.352491,4.930723,1.4333453,0.7986865,-4.2369204,-8.668936,1.5408784,-7.2109895,-5.0334406,-7.0609126,0.3418725,22.716563761776072,0.005894928217521214,129.19921875,XYZ
-113.48637,78.49097,-13.3649,-10.029782,-10.446703,-8.252678,-12.130614,-11.165587,-19.201677,-3.5007288,-8.879615,-4.063174,-10.796019,0.33031258,24.087297734188883,-0.053315024329991925,107.666015625,Haminim Ke Hastim
-114.43745,79.35108,11.414269,5.3131623,6.4043994,0.9654898,-15.074287,4.286419,-19.51808,-1.2943541,-7.1766043,-1.7854279,-5.922415,0.3680474,24.559222594602105,-0.011726049721370223,117.45383522727273,2CB (with Sijal & Sohrab MJ)
-119.77235,89.93223,32.142387,21.063587,10.31977,8.84148,0.8797393,7.248544,-5.974582,4.1109467,-1.0000952,3.5620644,-3.0474527,0.40329215,23.09802949680946,0.04238382615682983,117.45383522727273,Wantons - Boome Naghashi (1).wav
-119.77054,70.96631,34.543713,24.099451,10.290789,5.8829746,-0.46047184,-3.9115899,-8.084618,7.824543,-8.545245,1.1542937,-2.4925542,0.27664113,23.41390222026754,0.1051507782889916,129.19921875,raha-Dardesar
-108.80141,100.551735,23.342611,6.6049237,12.820417,4.2061663,-0.5171235,-0.94046867,-9.1351,3.1102824,-5.4875627,1.5610921,-0.12108905,0.3534565,22.9598090682208,0.04005546123858224,172.265625,Faal ÔΩú Ft Behzad Leito
-51.915447,84.27555,13.177475,15.367199,10.9972925,8.738339,-0.52541465,6.8473845,-7.852464,2.9211757,-3.172367,2.080267,-1.0968347,0.44154054,23.01351985304903,-0.003245685411467505,112.34714673913044,SMOKENDRIVE-Vol.12 BY EXIN
-94.0146,104.124504,16.746717,26.263807,9.3689575,11.19448,1.8455639,-2.1983168,-1.3850269,-4.7195373,1.582995,0.76253414,-2.0370705,0.41659784,21.766274062324893,-0.022767988464352833,112.34714673913044,Khat
-95.14339,107.75013,10.181591,18.476002,12.235453,2.6716688,2.2825918,7.3120327,-9.41824,6.40493,-2.7431912,3.2402399,-0.019763146,0.4062384,24.375730773136446,0.008964662324528496,107.666015625,"Bad Bitch (Ft Sepehr Khalse, Behzad Leito, & Canis)"
-101.9163,102.7946,14.794437,25.189295,7.2919426,3.7973351,-0.71748984,-5.312928,-11.038347,-1.3693693,-6.838208,-1.7036781,-5.1984487,0.3472788,23.076633966910652,0.07039330410471575,86.1328125,Koorosh - hey monaliza - Ÿá€å ŸÖŸàŸÜÿßŸÑ€åÿ≤ÿß
-74.96677,67.88142,7.198569,19.035418,9.018736,6.527994,-2.5581381,1.268964,-3.6520178,2.762845,-3.460993,2.3033843,-3.114868,0.3926907,22.99042474624595,0.01697741466934204,135.99917763157896,"Sajad Shahi,Vinak,Hiphopologist- Tariki‚ß∏ÿ≥ÿ¨ÿßÿØ ÿ¥ÿßŸá€åÿå Ÿà€åŸÜÿß⁄©ÿå Ÿá€åŸæŸáÿßŸæŸàŸÑŸà⁄ò€åÿ≥ÿ™- ÿ™ÿßÿ±€å⁄©€å"
-136.18599,98.31285,22.842508,1.112152,8.562873,-0.79290545,-11.632453,1.0271178,-5.905088,-1.9330322,-2.092807,-0.5849095,-9.195492,0.3505965,24.585295550353205,0.05866940359548363,143.5546875,Baby Yadet Raft khalse
-92.52611,87.288345,-2.8015287,18.17411,2.481158,11.367067,-7.459852,6.00366,-10.5105915,-4.884662,-1.9670357,1.7315344,-0.98789257,0.35253516,23.059654968472017,0.0013589783764226286,123.046875,berim ba ham khalse
-73.820656,95.63447,18.377102,14.65661,14.467686,2.8879528,-2.79731,2.6481292,-4.4261327,5.176558,-4.4166236,-0.5138326,-1.7694637,0.36363018,23.527295269896218,0.06535626072211656,117.45383522727273,Tik Taak- Na Dige Na (Ft I.Da)
-85.01329,114.02356,26.035084,16.552458,13.152714,5.4172754,-0.40552172,-1.8425435,-7.732781,4.421941,0.7344116,5.74222,-3.5761905,0.4858238,21.142188033569465,9.975333976947374e-07,129.19921875,Sober
-121.57698,84.655914,13.519524,19.018082,10.454399,10.729121,1.5140549,0.5938046,-3.7773714,4.9914193,0.67794067,1.7106934,-4.077291,0.3984336,23.22525158139609,0.04375026684901958,92.28515625,Begoo Yadete (feat. Behzad Leito)
-94.37903,103.85548,2.1757479,16.366756,8.287975,3.6799183,-7.372903,2.199049,-8.637013,0.7955536,3.160923,0.13917157,-3.0971496,0.44210446,23.0146509413217,-0.06566194166080415,95.703125,2 Ghotbi (Prod. by Radpro)
-116.72224,100.309456,33.295143,10.279266,17.803684,5.4511786,-3.3134806,1.9931484,-9.880764,-0.9229385,-6.174526,0.3580956,-2.7926247,0.35302877,23.777770232616323,0.047415349513812655,172.265625,Koorosh - 07 Bazigar (feat. The Don & Sami Low) ÔΩú 420 Vol. 2
-79.04586,99.44563,19.57799,16.472954,11.811192,6.9794583,-0.011464976,0.49427533,-5.660118,13.899784,-0.5825157,6.4151273,0.6910475,0.44322324,23.28308871259228,0.015793012379988904,117.45383522727273,Dorcci x Chvrsi x Poobon x XXXTentacion - Dastanemoon (Remix)
-97.21662,101.84339,17.897514,28.611534,6.828788,-0.37412822,-0.8870881,5.993117,-12.990104,6.136067,-9.560923,0.2868168,-1.2381016,0.4362096,24.343038753477284,-0.006456171472026199,117.45383522727273,Remix hoodadk4 X hiphopologist ÔºÇ shift deletÔºÇÔΩú ÿ±€åŸÖ€å⁄©ÿ≥ ÿ±Ÿæ
-75.15669,84.35858,16.036541,28.901466,4.7104187,11.149441,-2.2948601,2.97128,-6.7273207,3.557402,-2.3133245,2.4960055,-3.3617375,0.37962115,22.577912691931715,-0.03992237785608287,161.4990234375,Too In Khoone (Acoustic Version) [Prod. Kia Karami]
-150.12369,92.76728,21.665031,18.63066,20.729334,-0.06627098,-2.9848406,-3.8266473,-12.459693,3.9697757,2.162614,-3.911729,-5.8540034,0.35825163,25.319444601534723,0.014205089650904284,95.703125,Nesfe Raah (with The Don)
-115.36054,100.3887,31.969542,20.960295,9.310145,7.514172,-4.3343945,8.8820915,-7.3395724,2.7508762,-2.0374625,-1.3876132,-2.8706093,0.40415612,23.052246337544116,0.04068427427214092,161.4990234375,shol kon-leito ft sijal ft khalse
-82.6032,96.994,22.240143,5.1852183,14.68497,-1.785856,-1.3649484,0.09628709,-8.643695,3.9207225,-3.4328277,1.9319128,-1.7713512,0.41862744,22.83274672940896,-0.03778181001996417,117.45383522727273,ghors 3 - hiphopoligst X kagan [prod. Azer]
-162.45992,63.723473,-3.9575782,9.427746,9.402829,10.5687065,-7.1404753,10.3567915,-10.198513,3.1702473,-1.7042202,2.0449202,0.8545588,0.430826,22.310376560219435,0.007825183127808093,95.703125,Berim Baham [new version]
-114.812195,108.49251,22.031713,22.003428,13.660433,3.884537,4.760466,1.9097393,-4.6405177,2.7613628,-2.140936,4.9389153,1.4713851,0.40748417,22.51706234215439,0.0847639028051188,107.666015625,Hiphopologist - Noskhe L (Maometto Remix).wav
-115.09784,97.42098,15.015064,27.014921,19.59117,16.725143,-0.13802883,3.9338346,-6.1108837,4.9268684,3.0696886,7.8289614,3.1332927,0.40078512,24.687245375210328,-0.0030336243744124164,117.45383522727273,"Delam Az Donya Gerefte (feat. Hoomaan, Sepehr Khalse)"
-152.73846,97.48785,25.765942,10.52962,10.984273,5.4937963,-5.293706,4.0339727,-11.741003,3.5194428,-0.91617906,1.1962036,-2.8360026,0.39063376,23.362102126567223,0.027160602991231714,129.19921875,Yadet Nist - Arta
-80.451485,102.30213,10.91155,24.908958,15.652401,10.28297,-4.077085,4.679166,-2.0812886,-1.6836807,-3.8579454,-4.1172547,-3.3013375,0.36591482,22.858313776935894,0.0509475488817918,99.38401442307692,Sepehr Khalse - Saal Be Saal
-124.052086,105.93961,32.7824,10.588363,12.7428255,11.55368,10.077169,1.6622778,-11.513748,-0.3371719,0.012996494,2.4149609,1.6951461,0.39151254,22.50457340780207,0.06901772347859393,99.38401442307692,male man bash - shayan (slowed and reverb)
-107.88031,114.84835,32.156773,21.369917,5.3289866,18.546309,3.6467485,10.918977,-3.2845738,12.909896,5.959896,3.7123165,1.3921525,0.39587486,23.621794874573457,0.04109251530149284,89.10290948275862,Yebaram Man ( Koorosh Ft Arta & Leito & Raha )
